sample_index,question_id,question,ground_truth_answer,gold_doc_id,top_k,retrieved_doc_ids,retrieval_hit,generated_answer,citations,cited_doc_ids,invalid_citations,citation_hit
0,indonesian--4692045804326483608-3,Kapan Universitas Delhi berdiri ?,1922,3421,1,[3421],True,Universitas Delhi berdiri pada tahun 1922.,[],[],[],False
0,indonesian--4692045804326483608-3,Kapan Universitas Delhi berdiri ?,1922,3421,3,"[3421, 566, 814]",True,Universitas Delhi dibuat pada tahun 1922. [1],[1],[3421],[],True
0,indonesian--4692045804326483608-3,Kapan Universitas Delhi berdiri ?,1922,3421,5,"[3421, 566, 814, 555, 1247]",True,1922 [1].,[1],[3421],[],True
0,indonesian--4692045804326483608-3,Kapan Universitas Delhi berdiri ?,1922,3421,10,"[3421, 566, 814, 555, 1247, 3560, 1246, 3409, 698, 1714]",True,1922 [1].,[1],[3421],[],True
1,indonesian--6967180440960315797-2,siapakah pemenang Rising Star Indonesia pertama?,Indah Nevertari,1088,1,[2606],False,Rising Star Indonesia [1].,[1],[2606],[],False
1,indonesian--6967180440960315797-2,siapakah pemenang Rising Star Indonesia pertama?,Indah Nevertari,1088,3,"[2606, 1088, 121]",True,Indonesia [1].,[1],[2606],[],False
1,indonesian--6967180440960315797-2,siapakah pemenang Rising Star Indonesia pertama?,Indah Nevertari,1088,5,"[2606, 1088, 121, 2567, 3030]",True,Joy [1].,[1],[2606],[],False
1,indonesian--6967180440960315797-2,siapakah pemenang Rising Star Indonesia pertama?,Indah Nevertari,1088,10,"[2606, 1088, 121, 2567, 3030, 2872, 234, 1700, 2504, 1259]",True,"Joy terpilih sebagai juara Indonesian Idol yang pertama, dengan lagu kemenangan Karena Cinta ciptaan Glenn Fredly. Karena satu hal, kemenangan Joy dibatalkan dan gelar juara Indonesian Idol yang pertama jatuh pada Delon sang runner-up.",[],[],[],False
2,indonesian-4025247470210165851-0,Apa yang dimaksud dengan Sel ?,kumpulan materi paling sederhana yang dapat hidup dan merupakan unit penyusun semua makhluk hidup,571,1,[571],True,Sel adalah kumpulan materi paling sederhana yang dapat hidup dan merupakan unit penyusun semua makhluk hidup. Sel mampu melakukan semua aktivitas kehidupan dan sebagian besar reaksi kimia untuk mempertahankan kehidupan berlangsung di dalam sel.,[],[],[],False
2,indonesian-4025247470210165851-0,Apa yang dimaksud dengan Sel ?,kumpulan materi paling sederhana yang dapat hidup dan merupakan unit penyusun semua makhluk hidup,571,3,"[571, 1534, 572]",True,Sel adalah kumpulan materi paling sederhana yang dapat hidup dan merupakan unit penyusun semua makhluk hidup. Sel mampu melakukan semua aktivitas kehidupan dan sebagian besar reaksi kimia untuk mempertahankan kehidupan berlangsung di dalam sel.,[],[],[],False
2,indonesian-4025247470210165851-0,Apa yang dimaksud dengan Sel ?,kumpulan materi paling sederhana yang dapat hidup dan merupakan unit penyusun semua makhluk hidup,571,5,"[571, 1534, 572, 406, 2066]",True,Sel adalah kumpulan materi paling sederhana yang dapat hidup dan merupakan unit penyusun semua makhluk hidup. Sel mampu melakukan semua aktivitas kehidupan dan sebagian besar reaksi kimia untuk mempertahankan kehidupan berlangsung di dalam sel.,[],[],[],False
2,indonesian-4025247470210165851-0,Apa yang dimaksud dengan Sel ?,kumpulan materi paling sederhana yang dapat hidup dan merupakan unit penyusun semua makhluk hidup,571,10,"[571, 1534, 572, 406, 2066, 3305, 570, 2142, 1075, 802]",True,Sel adalah kumpulan materi paling sederhana yang dapat hidup dan merupakan unit penyusun semua makhluk hidup. Sel mampu melakukan semua aktivitas kehidupan dan sebagian besar reaksi kimia untuk mempertahankan kehidupan berlangsung di dalam sel. Seluruh tubuh semua organisme berasal dari hasil pembelahan satu sel.,[],[],[],False
3,indonesian--6722402021961072872-0,Dimanakah letak pulau Pulau Inaccessible?,Samudera Atlantik bagian selatan yang berjarak sepanjang 45 km dari sebelah barat daya Pulau Tristan da Cunha,3194,1,[3194],True,"Pulau Inaccessible berada di Samudera Atlantik bagian selatan, dengan luas mencapai 14km² (5.4sqmi) dan terletak sekitar 45 km dari sebelah barat daya Pulau Tristan da Cunha. [1]",[1],[3194],[],True
3,indonesian--6722402021961072872-0,Dimanakah letak pulau Pulau Inaccessible?,Samudera Atlantik bagian selatan yang berjarak sepanjang 45 km dari sebelah barat daya Pulau Tristan da Cunha,3194,3,"[3194, 2057, 2920]",True,"Pulau Inaccessible berada di Samudera Atlantik bagian selatan, di sekitar 45 km dari Pulau Tristan da Cunha. [1]",[1],[3194],[],True
3,indonesian--6722402021961072872-0,Dimanakah letak pulau Pulau Inaccessible?,Samudera Atlantik bagian selatan yang berjarak sepanjang 45 km dari sebelah barat daya Pulau Tristan da Cunha,3194,5,"[3194, 2057, 2920, 2465, 2186]",True,"Pulau Inaccessible berada di Samudera Atlantik, tepat di sebelah barat daya Pulau Tristan da Cunha. [1]",[1],[3194],[],True
3,indonesian--6722402021961072872-0,Dimanakah letak pulau Pulau Inaccessible?,Samudera Atlantik bagian selatan yang berjarak sepanjang 45 km dari sebelah barat daya Pulau Tristan da Cunha,3194,10,"[3194, 2057, 2920, 2465, 2186, 2679, 2921, 1475, 2062, 1214]",True,"Pasuruan, Jawa Timur [1].",[1],[3194],[],True
4,indonesian--6504473525437262398-0,apakah yang di maksud dengan forensik?,bidang ilmu pengetahuan yang digunakan untuk membantu proses penegakan keadilan melalui proses penerapan ilmu atau sains,2076,1,[2076],True,Forensik adalah bidang ilmu pengetahuan yang digunakan untuk membantu proses penegakan keadilan melalui proses penerapan ilmu atau sains.,[],[],[],False
4,indonesian--6504473525437262398-0,apakah yang di maksud dengan forensik?,bidang ilmu pengetahuan yang digunakan untuk membantu proses penegakan keadilan melalui proses penerapan ilmu atau sains,2076,3,"[2076, 939, 382]",True,Forensik adalah bidang ilmu pengetahuan yang menghimpuskan ilmu atau sains untuk membantu proses penegakan keadilan melalui proses penerapan ilmu atau sains.,[],[],[],False
4,indonesian--6504473525437262398-0,apakah yang di maksud dengan forensik?,bidang ilmu pengetahuan yang digunakan untuk membantu proses penegakan keadilan melalui proses penerapan ilmu atau sains,2076,5,"[2076, 939, 382, 278, 2989]",True,Forensik adalah bidang ilmu pengetahuan yang digunakan untuk membantu proses penegakan keadilan melalui proses penerapan ilmu atau sains.,[],[],[],False
4,indonesian--6504473525437262398-0,apakah yang di maksud dengan forensik?,bidang ilmu pengetahuan yang digunakan untuk membantu proses penegakan keadilan melalui proses penerapan ilmu atau sains,2076,10,"[2076, 939, 382, 278, 2989, 1550, 3330, 1807, 743, 460]",True,Forensik adalah bidang ilmu pengetahuan yang digunakan untuk membantu proses penegakan keadilan melalui proses penerapan ilmu atau sains. [1],[1],[2076],[],True
5,indonesian-1506795389343345817-0,Apakah nama gedung pencakar langit tertinggi di London?,The Shard,2865,1,[698],False,Menara London [1].,[1],[698],[],False
5,indonesian-1506795389343345817-0,Apakah nama gedung pencakar langit tertinggi di London?,The Shard,2865,3,"[698, 2865, 2522]",True,The Shard [2],[2],[2865],[],True
5,indonesian-1506795389343345817-0,Apakah nama gedung pencakar langit tertinggi di London?,The Shard,2865,5,"[698, 2865, 2522, 599, 2830]",True,The Shard [2],[2],[2865],[],True
5,indonesian-1506795389343345817-0,Apakah nama gedung pencakar langit tertinggi di London?,The Shard,2865,10,"[698, 2865, 2522, 599, 2830, 601, 3552, 600, 1849, 2373]",True,The Shard [2],[2],[2865],[],True
6,indonesian--252422591886771055-0,tahun berapakah Tugu Monas selesai dibangun?,12 Juli 1975,125,1,[767],False,"Tidak ada informasi tentang waktu pembuatan Tugu Monas dalam konteks yang diberikan. Oleh karena itu, jawaban tidak dapat ditentukan dengan pasti dari konteks yang diberikan.",[],[],[],False
6,indonesian--252422591886771055-0,tahun berapakah Tugu Monas selesai dibangun?,12 Juli 1975,125,3,"[767, 1055, 125]",True,1975 [3].,[3],[125],[],True
6,indonesian--252422591886771055-0,tahun berapakah Tugu Monas selesai dibangun?,12 Juli 1975,125,5,"[767, 1055, 125, 2100, 2250]",True,1975 [3].,[3],[125],[],True
6,indonesian--252422591886771055-0,tahun berapakah Tugu Monas selesai dibangun?,12 Juli 1975,125,10,"[767, 1055, 125, 2100, 2250, 2605, 2583, 2335, 269, 612]",True,1975 [3],[3],[125],[],True
7,indonesian-5604856949059136892-5,Kapan industri dirgantara dimulai di Indonesia?,16 Desember 1961,2656,1,[141],False,Era Kolonial [1].,[1],[141],[],False
7,indonesian-5604856949059136892-5,Kapan industri dirgantara dimulai di Indonesia?,16 Desember 1961,2656,3,"[141, 144, 234]",False,"Pertama kali industri dirgantara di Indonesia dimulai pada tahun 1923, di mana NPO di Bandung ditandatangani. [1]",[1],[141],[],False
7,indonesian-5604856949059136892-5,Kapan industri dirgantara dimulai di Indonesia?,16 Desember 1961,2656,5,"[141, 144, 234, 1461, 469]",False,1923 [1].,[1],[141],[],False
7,indonesian-5604856949059136892-5,Kapan industri dirgantara dimulai di Indonesia?,16 Desember 1961,2656,10,"[141, 144, 234, 1461, 469, 154, 120, 320, 2545, 3577]",False,1922 [4].,[4],[1461],[],False
8,indonesian-7887603045627796344-0,siapakah orang tua Leonardo DiCaprio?,Ayahnya bernama George berdarah Italia dan Ibunya bernama Irmelin,1605,1,[1605],True,Leonardo Wilhelm DiCaprio memiliki ayah Italia-Jerman dan ibu Italia-Jerman. Ayahnya bernama George dan ibunya bernama Irmelin.,[],[],[],False
8,indonesian-7887603045627796344-0,siapakah orang tua Leonardo DiCaprio?,Ayahnya bernama George berdarah Italia dan Ibunya bernama Irmelin,1605,3,"[1605, 1032, 3474]",True,Leonardo Wilhelm DiCaprio lahir pada bulan November dan memiliki ayah Italia-Jerman dan ibu Italia-Jerman.,[],[],[],False
8,indonesian-7887603045627796344-0,siapakah orang tua Leonardo DiCaprio?,Ayahnya bernama George berdarah Italia dan Ibunya bernama Irmelin,1605,5,"[1605, 1032, 3474, 1315, 1996]",True,"Leonardo Wilhelm DiCaprio lahir pada bulan November dan dididik oleh ayahnya, George, yang berasal dari daratan Italia dan ibunya, Irmelin, yang berasal dari daratan Jerman.",[],[],[],False
8,indonesian-7887603045627796344-0,siapakah orang tua Leonardo DiCaprio?,Ayahnya bernama George berdarah Italia dan Ibunya bernama Irmelin,1605,10,"[1605, 1032, 3474, 1315, 1996, 2828, 928, 3173, 2660, 1353]",True,Leonardo Wilhelm DiCaprio ( ) adalah seorang aktor Amerika Serikat berdarah Italia-Jerman. Ayahnya bernama George berdarah Italia dan Ibunya bernama Irmelin berasal dari Jerman.,[],[],[],False
9,indonesian--9191473147349914757-0,tahun berapakah Tugu Monas mulai dibangun?,17 Agustus 1961,125,1,[767],False,Tugu Monas mulailah dibangun pada tahun 1978.,[],[],[],False
9,indonesian--9191473147349914757-0,tahun berapakah Tugu Monas mulai dibangun?,17 Agustus 1961,125,3,"[767, 1055, 125]",True,1961 [3].,[3],[125],[],True
9,indonesian--9191473147349914757-0,tahun berapakah Tugu Monas mulai dibangun?,17 Agustus 1961,125,5,"[767, 1055, 125, 2605, 2250]",True,1961 [3].,[3],[125],[],True
9,indonesian--9191473147349914757-0,tahun berapakah Tugu Monas mulai dibangun?,17 Agustus 1961,125,10,"[767, 1055, 125, 2605, 2250, 2583, 2100, 1703, 269, 612]",True,1961 [1],[1],[767],[],False
10,indonesian-2739736324002361112040-ans-h-2,Suku apa yang tidak ingin disebut sebagai Batak?,Tapanuli,2389,1,[2389],True,Tapanuli [1],[1],[2389],[],True
10,indonesian-2739736324002361112040-ans-h-2,Suku apa yang tidak ingin disebut sebagai Batak?,Tapanuli,2389,3,"[2389, 2390, 3460]",True,Tapanuli. [1],[1],[2389],[],True
10,indonesian-2739736324002361112040-ans-h-2,Suku apa yang tidak ingin disebut sebagai Batak?,Tapanuli,2389,5,"[2389, 2390, 3460, 1760, 1158]",True,Tapanuli [1],[1],[2389],[],True
10,indonesian-2739736324002361112040-ans-h-2,Suku apa yang tidak ingin disebut sebagai Batak?,Tapanuli,2389,10,"[2389, 2390, 3460, 1760, 1158, 691, 1304, 259, 2992, 2616]",True,Angkola [1],[1],[2389],[],True
11,indonesian-8159142684773924499-1,siapakah penemu telepon genggam pertama?,Martin Cooper,27,1,[27],True,Martin Cooper [1].,[1],[27],[],True
11,indonesian-8159142684773924499-1,siapakah penemu telepon genggam pertama?,Martin Cooper,27,3,"[27, 54, 28]",True,Martin Cooper [1],[1],[27],[],True
11,indonesian-8159142684773924499-1,siapakah penemu telepon genggam pertama?,Martin Cooper,27,5,"[27, 54, 28, 1532, 29]",True,Martin Cooper [1],[1],[27],[],True
11,indonesian-8159142684773924499-1,siapakah penemu telepon genggam pertama?,Martin Cooper,27,10,"[27, 54, 28, 1532, 29, 3437, 1887, 2405, 649, 527]",True,Martin Cooper [1],[1],[27],[],True
12,indonesian--4813315519970552612-1,Apa yang dimaksud dengan Nagarakretagama ?,Negara dengan Tradisi (Agama) yang suci,179,1,[179],True,Nagarakretagama adalah sebuah karya bakal budaya Tiongkok yang mengandung unsur budaya Hindu-Buddhist. [1],[1],[179],[],True
12,indonesian--4813315519970552612-1,Apa yang dimaksud dengan Nagarakretagama ?,Negara dengan Tradisi (Agama) yang suci,179,3,"[179, 1051, 3472]",True,Nagarakretagama adalah judul dari kakawin yang merujuk kepada tradisi agamanya yang suci. Namanya sendiri tidak terdapat dalam kakawin tersebut.,[],[],[],False
12,indonesian--4813315519970552612-1,Apa yang dimaksud dengan Nagarakretagama ?,Negara dengan Tradisi (Agama) yang suci,179,5,"[179, 1051, 3472, 3448, 3516]",True,"Nagaragratagama adalah nama karya Kakawin yang merujuk kepada Nagarakretagama, sebuah buku naratorius Hindu yang ditulis oleh Prapanca. Namun, nama Nagarakretagama sendiri tidak ada dalam buku tersebut. [1]",[1],[179],[],True
12,indonesian--4813315519970552612-1,Apa yang dimaksud dengan Nagarakretagama ?,Negara dengan Tradisi (Agama) yang suci,179,10,"[179, 1051, 3472, 3448, 3516, 2710, 3011, 3166, 2393, 2869]",True,Nagaragawati [1].,[1],[179],[],True
13,indonesian--5162728312531813671-1,Apakah bahasa yang digunakan dalam karya Kalidasa?,Tamil,2716,1,[1428],False,Bahasa yang digunakan dalam karya Kalidasa adalah Bahasa Jawa. [1],[1],[1428],[],False
13,indonesian--5162728312531813671-1,Apakah bahasa yang digunakan dalam karya Kalidasa?,Tamil,2716,3,"[1428, 1378, 1389]",False,Tidak ada informasi tentang bahasa yang digunakan dalam karya Kalidasa dalam konteks yang diberikan. [3],[3],[1389],[],False
13,indonesian--5162728312531813671-1,Apakah bahasa yang digunakan dalam karya Kalidasa?,Tamil,2716,5,"[1428, 1378, 1389, 186, 617]",False,Tidak ada informasi tentang bahasa yang digunakan dalam karya Kalidasa dalam konteks yang diberikan. [3],[3],[1389],[],False
13,indonesian--5162728312531813671-1,Apakah bahasa yang digunakan dalam karya Kalidasa?,Tamil,2716,10,"[1428, 1378, 1389, 186, 617, 1760, 1164, 2514, 793, 787]",False,Bahasa yang digunakan dalam karya Kalidasa adalah bahasa Sanskerta. [1],[1],[1428],[],False
14,indonesian--611732172779810003-0,Berapa luas Masjid Al-Aqsha?,144.000 meter persegi,1093,1,[1554],False,"Al-Jami' al-Aqsha adalah bangunan berkubah abu-abu yang berada di kompleks Masjid Al-Aqsha, yaitu di bagian selatan. Kata Al-Jami' (اَلْجَامِعُ) makna 'masjid', yang berasal dari kata Al-Jumu'ah yang berarti 'mengumpulkan' (untuk salat jama'ah). [5] Selama berabad-abad, yang dimaksud dengan Masjid Al-Aqsha adalah keseluruhan kompleks tersebut, yang dianggap sebagai suatu wilayah yang suci. Perubahan penyebutan kemudian terjadi pada masa pemerintahan Kesultanan Utsmaniyah, di mana wilayah kompleks secara keseluruhan disebut sebagai Al-Haram asy-Syarif; sedangkan bangunan yang terletak di bagian selatan disebut sebagai Al-Jami' al-Aqsha, yaitu tempat Umar bin Khaththab pertama kali mendirikannya. [6]","[5, 6]",[],"[5, 6]",False
14,indonesian--611732172779810003-0,Berapa luas Masjid Al-Aqsha?,144.000 meter persegi,1093,3,"[1554, 237, 1647]",False,"54,4 x 32,2 meter [2].",[2],[237],[],False
14,indonesian--611732172779810003-0,Berapa luas Masjid Al-Aqsha?,144.000 meter persegi,1093,5,"[1554, 237, 1647, 1094, 2373]",False,"1. Pasuruan, Jawa Timur [1].",[1],[1554],[],False
14,indonesian--611732172779810003-0,Berapa luas Masjid Al-Aqsha?,144.000 meter persegi,1093,10,"[1554, 237, 1647, 1094, 2373, 1093, 2484, 1849, 2051, 439]",True,144.000 meter persegi,[],[],[],False
15,indonesian-2901290337667878427-0,Siapa pencipta wiracarita Mahabharata?,Begawan Byasa,16,1,[16],True,Begawan Byasa atau Vyasa.,[],[],[],False
15,indonesian-2901290337667878427-0,Siapa pencipta wiracarita Mahabharata?,Begawan Byasa,16,3,"[16, 18, 15]",True,Begawan Byasa atau Vyasa.,[],[],[],False
15,indonesian-2901290337667878427-0,Siapa pencipta wiracarita Mahabharata?,Begawan Byasa,16,5,"[16, 18, 15, 1580, 979]",True,Ki Trunadipura [1].,[1],[16],[],True
15,indonesian-2901290337667878427-0,Siapa pencipta wiracarita Mahabharata?,Begawan Byasa,16,10,"[16, 18, 15, 1580, 979, 2532, 3205, 1310, 494, 147]",True,"Pasuruan, Jawa Timur [1].",[1],[16],[],True
16,indonesian--3856673029772323925-0,Apakah bahan bakar nuklir?,unsur berat fissil yang dapat menghasilkan reaksi nuklir berantai di dalam reaktor nuklir,794,1,[794],True,Bahan bakar nuklir adalah unsur berat fissil yang digunakan dalam reaktor nuklir untuk menghasilkan energi nuklir. [1],[1],[794],[],True
16,indonesian--3856673029772323925-0,Apakah bahan bakar nuklir?,unsur berat fissil yang dapat menghasilkan reaksi nuklir berantai di dalam reaktor nuklir,794,3,"[794, 712, 2982]",True,Bahan bakar nuklir adalah unsur berat fissil yang digunakan dalam reaktor nuklir untuk menghasilkan energi nuklir. [2],[2],[712],[],False
16,indonesian--3856673029772323925-0,Apakah bahan bakar nuklir?,unsur berat fissil yang dapat menghasilkan reaksi nuklir berantai di dalam reaktor nuklir,794,5,"[794, 712, 2982, 2981, 2256]",True,Bahan bakar nuklir adalah unsur berat fissil yang dapat menghasilkan reaksi nuklir berantai di dalam reaktor nuklir. [1],[1],[794],[],True
16,indonesian--3856673029772323925-0,Apakah bahan bakar nuklir?,unsur berat fissil yang dapat menghasilkan reaksi nuklir berantai di dalam reaktor nuklir,794,10,"[794, 712, 2982, 2981, 2256, 2166, 1524, 1245, 711, 2124]",True,"Ya, bahan bakar nuklir adalah unsur berat fissil yang dapat menghasilkan reaksi nuklir berantai di dalam reaktor nuklir. [1]",[1],[794],[],True
17,indonesian--6432241245886324847-0,Kapan Zaman Nanboku-cho dimulai?,1336,1147,1,[1147],True,Zaman Nanboku-cho dimulai pada tahun 1336.,[],[],[],False
17,indonesian--6432241245886324847-0,Kapan Zaman Nanboku-cho dimulai?,1336,1147,3,"[1147, 3401, 2149]",True,Zaman Nanboku-cho dimulai dari tahun 1336.,[],[],[],False
17,indonesian--6432241245886324847-0,Kapan Zaman Nanboku-cho dimulai?,1336,1147,5,"[1147, 3401, 2149, 1068, 576]",True,Zaman Nanboku-cho dimulai dari tahun 1336.,[],[],[],False
17,indonesian--6432241245886324847-0,Kapan Zaman Nanboku-cho dimulai?,1336,1147,10,"[1147, 3401, 2149, 1068, 576, 1143, 577, 42, 2573, 1990]",True,Zaman Nanboku-cho dimulai pada tahun 1336.,[],[],[],False
18,indonesian-9152187318190232879-0,kapankah hiroshima dan nagasaki terkena Bom atom?,Agustus 1945,2863,1,[2863],True,"Hiroshima dan Nagasaki terjadi pada tanggal 6 dan 9 Agustus 1945, tepat satu hari sebelum dan sesudah keputusan yang disebutkan di atas.",[],[],[],False
18,indonesian-9152187318190232879-0,kapankah hiroshima dan nagasaki terkena Bom atom?,Agustus 1945,2863,3,"[2863, 2864, 1884]",True,"Ya, Hiroshima dan Nagasaki terkena bom atom pada Agustus 1945. [1]",[1],[2863],[],True
18,indonesian-9152187318190232879-0,kapankah hiroshima dan nagasaki terkena Bom atom?,Agustus 1945,2863,5,"[2863, 2864, 1884, 991, 2472]",True,"Pukul 11:01, jeda di antara awan di langit Nagasaki memungkinkan perwira pengebom Bockscar, Kapten Kermit Beahan, melihat target bom sesuai rencana. Bom Fat Man yang mengandung inti plutonium berbobot 6.4kg (14lb) dijatuhkan di lembah industri Nagasaki di . Bom meledak 47 detik kemudian di ketinggian 1,650±33ft (503±10m) di atas lapangan tenis,[189] separuh jalan antara Pabrik Baja dan Senjata Mitsubishi di selatan dan Arsenal Nagasaki di utara. Ledakan terjadi hampir 3km (1.9mi) di sebelah barat laut target awal. Ledakan tersebut dibatasi oleh Lembah Urakami, dan sebagian besar kota dilindungi oleh lembah di sekitarnya.[190] Ledakan bom setara dengan 21±2kt (87.9±8.4TJ)[1","[189, 190]",[],"[189, 190]",False
18,indonesian-9152187318190232879-0,kapankah hiroshima dan nagasaki terkena Bom atom?,Agustus 1945,2863,10,"[2863, 2864, 1884, 991, 2472, 1581, 2982, 3342, 2000, 2166]",True,"Pasuruan, Jawa Timur [1].",[1],[2863],[],True
19,indonesian-35481914026694016-0,Apa pengertian dari IUCN ?,organisasi internasional yang didedikasikan untuk konservasi sumber daya alam,3128,1,[3128],True,IUCN adalah sebuah organisasi internasional yang didedikasikan untuk konservasi sumber daya alam.,[],[],[],False
19,indonesian-35481914026694016-0,Apa pengertian dari IUCN ?,organisasi internasional yang didedikasikan untuk konservasi sumber daya alam,3128,3,"[3128, 2073, 3527]",True,IUCN adalah sebuah organisasi internasional yang didedikasikan untuk konservasi sumber daya alam. [1],[1],[3128],[],True
19,indonesian-35481914026694016-0,Apa pengertian dari IUCN ?,organisasi internasional yang didedikasikan untuk konservasi sumber daya alam,3128,5,"[3128, 2073, 3527, 1412, 1008]",True,IUCN adalah sebuah organisasi internasional yang didedikasikan untuk konservasi sumber daya alam. [1],[1],[3128],[],True
19,indonesian-35481914026694016-0,Apa pengertian dari IUCN ?,organisasi internasional yang didedikasikan untuk konservasi sumber daya alam,3128,10,"[3128, 2073, 3527, 1412, 1008, 3295, 1844, 351, 3516, 1251]",True,IUCN adalah sebuah organisasi internasional yang didedikasikan untuk konservasi sumber daya alam. [1],[1],[3128],[],True
20,indonesian-8372465300300747789-0,Apa warna bendera Skotlandia ?,putih berlatar belakang biru,464,1,[464],True,Putih [1].,[1],[464],[],True
20,indonesian-8372465300300747789-0,Apa warna bendera Skotlandia ?,putih berlatar belakang biru,464,3,"[464, 2008, 775]",True,Skotlandia menggunakan warna putih berlatar belakang biru untuk bendera mereka. [1],[1],[464],[],True
20,indonesian-8372465300300747789-0,Apa warna bendera Skotlandia ?,putih berlatar belakang biru,464,5,"[464, 2008, 775, 2304, 2506]",True,Skotlandia menggunakan warna putih dan biru untuk benderanya. [1],[1],[464],[],True
20,indonesian-8372465300300747789-0,Apa warna bendera Skotlandia ?,putih berlatar belakang biru,464,10,"[464, 2008, 775, 2304, 2506, 2482, 2007, 2838, 3383, 3332]",True,Skotlandia menggunakan warna putih dan biru untuk benderanya. [1],[1],[464],[],True
21,indonesian--5607859977680592983-3,Siapa yang membangun Gereja Santa Perawan Maria Lourdes Promasan?,"seluruh umat Katolik di Promasan, mulai dari orang dewasa hingga anak-anak",2298,1,[2299],False,Gereja Santa Perawan Maria Lourdes Promasan dimulai oleh para pengembang di tahun 1940.,[],[],[],False
21,indonesian--5607859977680592983-3,Siapa yang membangun Gereja Santa Perawan Maria Lourdes Promasan?,"seluruh umat Katolik di Promasan, mulai dari orang dewasa hingga anak-anak",2298,3,"[2299, 913, 2926]",False,Gereja Santa Perawan Maria Lourdes Promasan dimulai dibangun pada 18 Desember 1940. [1],[1],[2299],[],False
21,indonesian--5607859977680592983-3,Siapa yang membangun Gereja Santa Perawan Maria Lourdes Promasan?,"seluruh umat Katolik di Promasan, mulai dari orang dewasa hingga anak-anak",2298,5,"[2299, 913, 2926, 2156, 2707]",False,Gereja Santa Perawan Maria Lourdes Promasan didirikan oleh Romo Jan Wolters CM pada tahun 1936. [3],[3],[2926],[],False
21,indonesian--5607859977680592983-3,Siapa yang membangun Gereja Santa Perawan Maria Lourdes Promasan?,"seluruh umat Katolik di Promasan, mulai dari orang dewasa hingga anak-anak",2298,10,"[2299, 913, 2926, 2156, 2707, 2645, 1060, 2651, 2287, 2298]",True,Prawiro Semito [1],[1],[2299],[],False
22,indonesian--6248724470980757655-0,Apa itu berhala ?,"objek berbentuk makhluk hidup atau benda yang didewakan, disembah, dipuja dan dibuat oleh tangan manusia",568,1,[1594],False,Berhala adalah lambang negara Rusia yang terdiri dari elang berkepala dua dan gambar orang naik kuda tengah membunuh ular atau naga.,[],[],[],False
22,indonesian--6248724470980757655-0,Apa itu berhala ?,"objek berbentuk makhluk hidup atau benda yang didewakan, disembah, dipuja dan dibuat oleh tangan manusia",568,3,"[1594, 2532, 1240]",False,Bintang Daud atau Perisai Daud [3].,[3],[1240],[],False
22,indonesian--6248724470980757655-0,Apa itu berhala ?,"objek berbentuk makhluk hidup atau benda yang didewakan, disembah, dipuja dan dibuat oleh tangan manusia",568,5,"[1594, 2532, 1240, 3460, 459]",False,Bintang Daud [3],[3],[1240],[],False
22,indonesian--6248724470980757655-0,Apa itu berhala ?,"objek berbentuk makhluk hidup atau benda yang didewakan, disembah, dipuja dan dibuat oleh tangan manusia",568,10,"[1594, 2532, 1240, 3460, 459, 2150, 3162, 455, 3448, 2455]",False,"Berhala adalah lambang yang sudah sejak dahulu digunakan sebagai tanda jati diri Yahudi, terutama dalam buku-buku cetak semenjak abad ke-16.",[],[],[],False
23,indonesian-3921630737300632831-0,Apakah pengertian dari fiksi ?,cerita atau latar yang berasal dari imajinasi,652,1,[652],True,"Fiksi adalah cerita atau latar yang berasal dari imajinasi—dengan kata lain, tidak secara ketat berdasarkan sejarah atau fakta.",[],[],[],False
23,indonesian-3921630737300632831-0,Apakah pengertian dari fiksi ?,cerita atau latar yang berasal dari imajinasi,652,3,"[652, 1356, 3317]",True,"Fiksi adalah cerita atau latar yang berasal dari imajinasi—dengan kata lain, tidak secara ketat berdasarkan sejarah atau fakta.",[],[],[],False
23,indonesian-3921630737300632831-0,Apakah pengertian dari fiksi ?,cerita atau latar yang berasal dari imajinasi,652,5,"[652, 1356, 3317, 3017, 2138]",True,"Fiksi adalah cerita atau latar yang berasal dari imajinasi—dengan kata lain, tidak secara ketat berdasarkan sejarah atau fakta. [1]",[1],[652],[],True
23,indonesian-3921630737300632831-0,Apakah pengertian dari fiksi ?,cerita atau latar yang berasal dari imajinasi,652,10,"[652, 1356, 3317, 3017, 2138, 2327, 2214, 3542, 244, 2798]",True,"Fiksi adalah cerita atau latar yang berasal dari imajinasi—dengan kata lain, tidak secara ketat berdasarkan sejarah atau fakta. [1]",[1],[652],[],True
24,indonesian-3839110379385706564-6,Siapakah Moeffreni Moe’min?,mantan Daidanco PETA dari Daidan I Jakarta,3251,1,[2504],False,Dr. Moewardi [1].,[1],[2504],[],False
24,indonesian-3839110379385706564-6,Siapakah Moeffreni Moe’min?,mantan Daidanco PETA dari Daidan I Jakarta,3251,3,"[2504, 1381, 1915]",False,"Moeffreni Moe'min adalah seorang tokoh pejuang terkemuka pada zaman revolusi kemerdekaan Indonesia. Dia lahir di Rangkasbitung, Banten pada 12 Februari 1921 dan meninggal pada 27 Juni 1996.",[],[],[],False
24,indonesian-3839110379385706564-6,Siapakah Moeffreni Moe’min?,mantan Daidanco PETA dari Daidan I Jakarta,3251,5,"[2504, 1381, 1915, 1789, 2767]",False,"Moeffreni Moe'min adalah seorang tokoh pejuang terkemuka pada zaman revolusi kemerdekaan Indonesia. Dia lahir di Rangkasbitung, Banten pada 12 Februari 1921 dan meninggal pada 27 Juni 1996. Ia terlibat dalam peristiwa proklamasi 17 Agustus 1945 dan turut memberikan sambutan setelah Soewirjo.",[],[],[],False
24,indonesian-3839110379385706564-6,Siapakah Moeffreni Moe’min?,mantan Daidanco PETA dari Daidan I Jakarta,3251,10,"[2504, 1381, 1915, 1789, 2767, 1719, 2721, 1571, 1995, 121]",False,Moeffreni Moe'min adalah seorang tokoh pejuang terkemuka pada zaman revolusi kemerdekaan Indonesia. Ia terlibat dalam peristiwa proklamasi 17 Agustus 1945 dan turut memberikan sambutan setelah Soewirjo. Ia juga turut merujuk dalam acara tersebut. [2],[2],[1381],[],False
25,indonesian--910620985310930934-1,Apa penyebab Muhammad Zaadit Taqwa memberikan kartu kuning kepada presiden Joko Widodo ?,merupakan bentuk peringatan atas berbagai masalah yang terjadi di Indonesia sejak 4 tahun pemerintahan Joko,2699,1,[2699],True,"Muhammad Zaadit Taqwa memberikan kartu kuning kepada Presiden Joko Widodo karena beberapa alasan:

1. Campak dan gizi buruk di Asmat menjadi isu utama yang diajukan.
2. Dia ingin memperkenalkan Dwifungsi ABRI dan membantu Dwifungsi ABRI melalui organisasi mahasiswa.
3. Dia merasa bahwa ada perubahan yang dibentuk tentang Organisasi Mahasiswa (Ormawa).
4. Dia merasa bahwa ada banyak masalah di Indonesia sejak 4 tahun pemerintahan Joko Widodo.
5. Dia merasa bahwa kartu kuning ini adalah bentuk peringatan atas berbagai masalah yang terjadi di Indonesia sejak 4 tahun pemerintahan Joko Widodo.",[],[],[],False
25,indonesian--910620985310930934-1,Apa penyebab Muhammad Zaadit Taqwa memberikan kartu kuning kepada presiden Joko Widodo ?,merupakan bentuk peringatan atas berbagai masalah yang terjadi di Indonesia sejak 4 tahun pemerintahan Joko,2699,3,"[2699, 121, 2567]",True,"Presiden Joko Widodo merayakan ulang tahun ke-68 Universitas Indonesia. Mendengar pernyataan tersebut, Muhammad Zaadit Taqwa, Ketua Badan Eksekutif Mahasiswa Universitas Indonesia, meniup peluit dan memberikan kartu kuning dari buku paduan suara ketika hadirin berhenti bertepuk tangan. Kartu kuning ini merupakan bentuk peringatan atas berbagai masalah yang terjadi di Indonesia sejak 4 tahun pemerintahan Joko.",[],[],[],False
25,indonesian--910620985310930934-1,Apa penyebab Muhammad Zaadit Taqwa memberikan kartu kuning kepada presiden Joko Widodo ?,merupakan bentuk peringatan atas berbagai masalah yang terjadi di Indonesia sejak 4 tahun pemerintahan Joko,2699,5,"[2699, 121, 2567, 1025, 300]",True,"Muhammad Zaadit Taqwa memberikan kartu kuning kepada Presiden Joko Widodo karena beberapa alasan:

1. Campak dan gizi buruk di Asmat menjadi isu utama yang diajukan.
2. Usulan penjabat gubernur berasal dari perwira tinggi tentara dan polisi yang dianggapnya menghidupkan kembali Dwifungsi ABRI.
3. Rancangan aturan baru tentang Organisasi Mahasiswa (Ormawa) yang sedang disusun dari Draf Permenristekdikti.
4. Kartu kuning yang diberikan merupakan bentuk peringatan atas berbagai masalah yang terjadi di Indonesia sejak 4 tahun pemerintahan Joko.

Sumber: [1] [2] [3] [4] [5]","[1, 2, 3, 4, 5]","[2699, 121, 2567, 1025, 300]",[],True
25,indonesian--910620985310930934-1,Apa penyebab Muhammad Zaadit Taqwa memberikan kartu kuning kepada presiden Joko Widodo ?,merupakan bentuk peringatan atas berbagai masalah yang terjadi di Indonesia sejak 4 tahun pemerintahan Joko,2699,10,"[2699, 121, 2567, 1025, 300, 2634, 2130, 1118, 471, 1968]",True,"Presiden Joko Widodo merayakan ulang tahun ke-68 Universitas Indonesia dan membicarakan beberapa isu di Indonesia seperti campak dan gizi buruk di Asmat. Oleh karena itu, Muhammad Zaadit Taqwa memberikan kartu kuning kepada Presiden Joko Widodo sebagai bentuk peringatan atas berbagai masalah yang terjadi di Indonesia sejak 4 tahun pemerintahan Joko.",[],[],[],False
26,indonesian-6085492887363339956-0,siapakah penulis cerita Harry Potter?,J. K. Rowling,498,1,[498],True,Jawaban: J. K. Rowling [1].,[1],[498],[],True
26,indonesian-6085492887363339956-0,siapakah penulis cerita Harry Potter?,J. K. Rowling,498,3,"[498, 2044, 501]",True,Jawaban: J. K. Rowling [1].,[1],[498],[],True
26,indonesian-6085492887363339956-0,siapakah penulis cerita Harry Potter?,J. K. Rowling,498,5,"[498, 2044, 501, 502, 499]",True,Jawaban: J. K. Rowling [1].,[1],[498],[],True
26,indonesian-6085492887363339956-0,siapakah penulis cerita Harry Potter?,J. K. Rowling,498,10,"[498, 2044, 501, 502, 499, 2190, 500, 2043, 1036, 2771]",True,Joanne Kathleen Rowling [1],[1],[498],[],True
27,indonesian--2109221779389466965-0,Apa mata uang Tiongkok ?,Yuan,561,1,[561],True,Mata uang Tiongkok adalah Yuan (renminbi). [1],[1],[561],[],True
27,indonesian--2109221779389466965-0,Apa mata uang Tiongkok ?,Yuan,561,3,"[561, 239, 665]",True,Yuan (Renminbi) adalah mata uang Tiongkok.,[],[],[],False
27,indonesian--2109221779389466965-0,Apa mata uang Tiongkok ?,Yuan,561,5,"[561, 239, 665, 2048, 3234]",True,Yuan (Renminbi) [1],[1],[561],[],True
27,indonesian--2109221779389466965-0,Apa mata uang Tiongkok ?,Yuan,561,10,"[561, 239, 665, 2048, 3234, 394, 204, 1081, 529, 664]",True,Yuan (Renminbi) [1],[1],[561],[],True
28,indonesian--6297719512398028333-1,apakah yang di maksud dengan golongan Madaniyah?,istilah yang diberikan kepada ayat Al Qur'an yang diturunkan di Madinah atau diturunkan setelah Rasulullah SAW hijrah ke Madinah,3058,1,[2710],False,"Masyarakat Madani adalah suatu masyarakat yang beradab dalam membangun, menjalani, dan memaknai kehidupannya. Ini melibatkan pemikiran, seni, dan pemerintahan yang berbasis pada prinsip moral dan keadilan, serta menghormati kebebasan individu dan kestabilan masyarakat. [1]",[1],[2710],[],False
28,indonesian--6297719512398028333-1,apakah yang di maksud dengan golongan Madaniyah?,istilah yang diberikan kepada ayat Al Qur'an yang diturunkan di Madinah atau diturunkan setelah Rasulullah SAW hijrah ke Madinah,3058,3,"[2710, 3058, 2871]",True,Madaniyah adalah istilah yang diberikan kepada ayat Al Qur'an yang diturunkan di Madinah atau diturunkan setelah Rasulullah SAW hijrah ke Madinah. Sebuah surat dapat terdiri atas ayat-ayat yang diturunkan di Madinah secara keseluruhan namun bisa juga sebagian diturunkan di Mekkah (Makiyyah).,[],[],[],False
28,indonesian--6297719512398028333-1,apakah yang di maksud dengan golongan Madaniyah?,istilah yang diberikan kepada ayat Al Qur'an yang diturunkan di Madinah atau diturunkan setelah Rasulullah SAW hijrah ke Madinah,3058,5,"[2710, 3058, 2871, 2404, 1760]",True,Madaniyah adalah istilah yang diberikan kepada ayat Al Qur'an yang diturunkan di Madinah atau diturunkan setelah Rasulullah SAW hijrah ke Madinah. Sebuah surat dapat terdiri atas ayat-ayat yang diturunkan di Madinah secara keseluruhan namun bisa juga sebagian diturunkan di Mekkah (Makiyyah).,[],[],[],False
28,indonesian--6297719512398028333-1,apakah yang di maksud dengan golongan Madaniyah?,istilah yang diberikan kepada ayat Al Qur'an yang diturunkan di Madinah atau diturunkan setelah Rasulullah SAW hijrah ke Madinah,3058,10,"[2710, 3058, 2871, 2404, 1760, 986, 2150, 3460, 2202, 1172]",True,Madaniyah adalah istilah yang diberikan kepada ayat Al Qur'an yang diturunkan di Madinah atau diturunkan setelah Rasulullah SAW hijrah ke Madinah. Sebuah surat dapat terdiri atas ayat-ayat yang diturunkan di Madinah secara keseluruhan namun bisa juga sebagian diturunkan di Mekkah (Makiyyah).,[],[],[],False
29,indonesian--2742145894716773038-1,Apa itu paroki?,komunitas kaum beriman yang dibentuk secara tetap dengan batas-batas kewilayahan tertentu dalam Keuskupan (Gereja Partikular),456,1,[456],True,Paroki adalah komunitas kaum beriman yang dibentuk secara tetap dengan batas-batas kewilayahan tertentu dalam Keuskupan (Gereja Partikular).,[],[],[],False
29,indonesian--2742145894716773038-1,Apa itu paroki?,komunitas kaum beriman yang dibentuk secara tetap dengan batas-batas kewilayahan tertentu dalam Keuskupan (Gereja Partikular),456,3,"[456, 2719, 1856]",True,Paroki adalah komunitas kaum beriman yang dibentuk secara tetap dengan batas-batas kewilayahan tertentu dalam Keuskupan (Gereja Partikular).,[],[],[],False
29,indonesian--2742145894716773038-1,Apa itu paroki?,komunitas kaum beriman yang dibentuk secara tetap dengan batas-batas kewilayahan tertentu dalam Keuskupan (Gereja Partikular),456,5,"[456, 2719, 1856, 2081, 358]",True,Paroki adalah komunitas kaum beriman yang dibentuk secara tetap dengan batas-batas kewilayahan tertentu dalam Keuskupan (Gereja Partikular).,[],[],[],False
29,indonesian--2742145894716773038-1,Apa itu paroki?,komunitas kaum beriman yang dibentuk secara tetap dengan batas-batas kewilayahan tertentu dalam Keuskupan (Gereja Partikular),456,10,"[456, 2719, 1856, 2081, 358, 2652, 2651, 2650, 86, 3206]",True,Paroki adalah komunitas kaum beriman yang dibentuk secara tetap dengan batas-batas kewilayahan tertentu dalam Keuskupan (Gereja Partikular).,[],[],[],False
30,indonesian-52540702169487266-1,Siapakah Kaisar Romawi Timur pertama ?,Konstantinus I,826,1,[31],False,Yustinus II [1].,[1],[31],[],False
30,indonesian-52540702169487266-1,Siapakah Kaisar Romawi Timur pertama ?,Konstantinus I,826,3,"[31, 826, 1764]",True,Yustinus II [1].,[1],[31],[],False
30,indonesian-52540702169487266-1,Siapakah Kaisar Romawi Timur pertama ?,Konstantinus I,826,5,"[31, 826, 1764, 1235, 473]",True,Yustinus II [1].,[1],[31],[],False
30,indonesian-52540702169487266-1,Siapakah Kaisar Romawi Timur pertama ?,Konstantinus I,826,10,"[31, 826, 1764, 1235, 473, 1237, 2382, 928, 2828, 3612]",True,Yustinus II [1].,[1],[31],[],False
31,indonesian-344644780785952901-0,Dari mana kata morfem berasal ?,English,964,1,[964],True,Morfem berasal dari bahasa Inggris. [1],[1],[964],[],True
31,indonesian-344644780785952901-0,Dari mana kata morfem berasal ?,English,964,3,"[964, 1724, 672]",True,"Morfem berasal dari bahasa Latin, spesifiknya dari kata ""morf"", yang berarti ""satuan"" atau ""unit."" Secara harfiah, morphem adalah satuan gramatikal terkecil yang mempunyai makna dalam sebuah bahasa. [1]",[1],[964],[],True
31,indonesian-344644780785952901-0,Dari mana kata morfem berasal ?,English,964,5,"[964, 1724, 672, 3062, 1254]",True,"Morfem berasal dari bahasa Latin, spesifiknya dari kata ""morf-"" yang berasal dari akar kata Yunani ""πορνη"" (porne) dan ""γραφειν"" (graphein). [1]",[1],[964],[],True
31,indonesian-344644780785952901-0,Dari mana kata morfem berasal ?,English,964,10,"[964, 1724, 672, 3062, 1254, 2404, 424, 259, 3312, 3149]",True,"Morfem berasal dari bahasa Latin, spesifiknya dari kata ""morpho-"" yang bermakna ""mengubah."" [1]",[1],[964],[],True
32,indonesian--710376886978962040-11,Siapa yang mengetuai Pembantaian Sabra dan Shatila?,Elie Hobeika,1567,1,[2882],False,Suryo [1].,[1],[2882],[],False
32,indonesian--710376886978962040-11,Siapa yang mengetuai Pembantaian Sabra dan Shatila?,Elie Hobeika,1567,3,"[2882, 979, 1094]",False,"Pembantaian Sabra dan Shatila dilakukan oleh Zainal Sabaruddin Nasution, juga dikenal sebagai Mayor Sabaruddin. [1]",[1],[2882],[],False
32,indonesian--710376886978962040-11,Siapa yang mengetuai Pembantaian Sabra dan Shatila?,Elie Hobeika,1567,5,"[2882, 979, 1094, 3304, 2871]",False,"Sabra dan Shatila dididik oleh Ki Trunadipura, seorang dalang dari Baturetno, Surakarta, pada zaman pemerintahan Mangkunegara VII (1916 – 1944).

[2]",[2],[979],[],False
32,indonesian--710376886978962040-11,Siapa yang mengetuai Pembantaian Sabra dan Shatila?,Elie Hobeika,1567,10,"[2882, 979, 1094, 3304, 2871, 574, 1646, 3075, 984, 2276]",False,Nahiyah [1].,[1],[2882],[],False
33,indonesian--178239499053890649-5,Kapan Giancarlo Fisichella mulai menjadi pembalap ?,1984,3444,1,[1142],False,Giancarlo Fisichella mulai menjadi pembalap pada tahun 1975.,[],[],[],False
33,indonesian--178239499053890649-5,Kapan Giancarlo Fisichella mulai menjadi pembalap ?,1984,3444,3,"[1142, 1643, 895]",False,1895 [1],[1],[1142],[],False
33,indonesian--178239499053890649-5,Kapan Giancarlo Fisichella mulai menjadi pembalap ?,1984,3444,5,"[1142, 1643, 895, 114, 412]",False,1895 [1].,[1],[1142],[],False
33,indonesian--178239499053890649-5,Kapan Giancarlo Fisichella mulai menjadi pembalap ?,1984,3444,10,"[1142, 1643, 895, 114, 412, 2278, 3474, 2792, 3047, 3444]",True,1984 [1].,[1],[1142],[],False
34,indonesian-1103156476750162407-4,Dimana letak Kota Jambi?,bagian barat cekungan Sumatera bagian selatan,3066,1,[112],False,Jawaban tidak ditemukan pada konteks yang diberikan.,[],[],[],False
34,indonesian-1103156476750162407-4,Dimana letak Kota Jambi?,bagian barat cekungan Sumatera bagian selatan,3066,3,"[112, 92, 3065]",False,"Kota Jambi terletak di provinsi Jambi, Indonesia. [2]",[2],[92],[],False
34,indonesian-1103156476750162407-4,Dimana letak Kota Jambi?,bagian barat cekungan Sumatera bagian selatan,3066,5,"[112, 92, 3065, 1152, 545]",False,"Kota Jambi terletak di provinsi Jambi, Indonesia.",[],[],[],False
34,indonesian-1103156476750162407-4,Dimana letak Kota Jambi?,bagian barat cekungan Sumatera bagian selatan,3066,10,"[112, 92, 3065, 1152, 545, 113, 2040, 1303, 3326, 1938]",False,"Kota Jambi terletak di Provinsi Jambi, Indonesia. [2]",[2],[92],[],False
35,indonesian--2915006843416844243-29,Bagaimanakah sistem pemerintahan Malaysia ?,monarki konstitusional,868,1,[869],False,Pemerintahan Malaysia melibatkan sistem peringkat raja-sultan dan perwakilan rakyat. Sistem ini menetapkan bahwa hanya negeri-negeri yang diperintah oleh raja/sultan saja yang diperbolehkan mengirimkan wakilnya untuk menjadi raja-malaysia. Pemerintahan Malaysia juga dikepalai oleh seorang perdana menteri.,[],[],[],False
35,indonesian--2915006843416844243-29,Bagaimanakah sistem pemerintahan Malaysia ?,monarki konstitusional,868,3,"[869, 868, 3412]",True,"Model pemerintahan Malaysia mirip dengan sistem monarki konstitusional, di mana kepala negara persekutuan Malaysia adalah Yang di-Pertuan Agong, yang dipilih dari dan oleh sembilan Sultan Negeri-Negeri Malaya. Yang di-Pertuan Agong dipilih dari dan oleh sembilan Sultan Negeri-Negeri Malaya, untuk menjabat selama lima tahun secara bergiliran; empat pemimpin negeri lainnya, yang bergelar Gubernur, tidak turut serta di dalam pemilihan.",[],[],[],False
35,indonesian--2915006843416844243-29,Bagaimanakah sistem pemerintahan Malaysia ?,monarki konstitusional,868,5,"[869, 868, 3412, 405, 760]",True,"Sistem pemerintahan Malaysia adalah monarki konstitusional. Kepala negara persekutuan Malaysia adalah Yang di-Pertuan Agong, biasa disebut Raja Malaysia. Yang di-Pertuan Agong dipilih dari dan oleh sembilan Sultan Negeri-Negeri Malaya, untuk menjabat selama lima tahun secara bergiliran; empat pemimpin negeri lainnya, yang bergelar Gubernur, tidak turut serta di dalam pemilihan.",[],[],[],False
35,indonesian--2915006843416844243-29,Bagaimanakah sistem pemerintahan Malaysia ?,monarki konstitusional,868,10,"[869, 868, 3412, 405, 760, 2050, 291, 870, 956, 3196]",True,"Pemerintahan Malaysia dilakukan melalui sistem monarki konstitusional. Dalam sistem ini, kepala negara adalah Yang di-Pertuan Agong, yang dipilih dari dan oleh sembilan Sultan Negeri-Negeri Malaya. Selain itu, ada juga peranan Perdana Menteri dalam pemerintahan.",[],[],[],False
36,indonesian--4768704178620994591-7,Kapan Formula 1 pertama kali diselenggarakan ?,1950,99,1,[100],False,1950 [1].,[1],[100],[],False
36,indonesian--4768704178620994591-7,Kapan Formula 1 pertama kali diselenggarakan ?,1950,99,3,"[100, 823, 102]",False,Formula Satu pertama kali diselenggarakan pada tahun 1950. [2],[2],[823],[],False
36,indonesian--4768704178620994591-7,Kapan Formula 1 pertama kali diselenggarakan ?,1950,99,5,"[100, 823, 102, 1609, 3606]",False,Formula Satu pertama kali diselenggarakan pada tahun 1950. [2],[2],[823],[],False
36,indonesian--4768704178620994591-7,Kapan Formula 1 pertama kali diselenggarakan ?,1950,99,10,"[100, 823, 102, 1609, 3606, 3605, 99, 2425, 2026, 3470]",True,Formula Satu pertama kali diselenggarakan pada tahun 1950. [2],[2],[823],[],False
37,indonesian--4207135612419285867-5,Apakah tujuan utama berdirinya Ikhwanul Muslimin?,"mewujudkan terbentuknya sosok individu muslim, rumah tangga Islami, bangsa yang Islami, pemerintahan yang Islami, negara yang dipimpin oleh negara-negara Islam, menyatukan perpecahan kaum muslimin dan negara mereka yang terampas, kemudian membawa bendera jihad dan da’wah kepada Allah sehingga dunia mendapatkan ketentraman dengan ajaran-ajaran Islam",860,1,[860],True,"Ikhwanul Muslimin merencanakan terbentuknya sosok individu muslim, rumah tangga Islami, bangsa yang Islami, pemerintahan yang Islami, negara yang dipimpin oleh negara-negara Islam, menyatukan perpecahan kaum muslimin dan negara mereka yang terampas, kemudian membawa bendera jihad dan da'wah kepada Allah sehingga dunia mendapatkan ketentraman dengan ajaran-ajaran Islam. [7]",[7],[],[7],False
37,indonesian--4207135612419285867-5,Apakah tujuan utama berdirinya Ikhwanul Muslimin?,"mewujudkan terbentuknya sosok individu muslim, rumah tangga Islami, bangsa yang Islami, pemerintahan yang Islami, negara yang dipimpin oleh negara-negara Islam, menyatukan perpecahan kaum muslimin dan negara mereka yang terampas, kemudian membawa bendera jihad dan da’wah kepada Allah sehingga dunia mendapatkan ketentraman dengan ajaran-ajaran Islam",860,3,"[860, 595, 872]",True,"Ikhwanul Muslimin merencanakan terbentuknya sosok individu muslim, rumah tangga Islami, bangsa yang Islami, pemerintahan yang Islami, negara yang dipimpin oleh negara-negara Islam, menyatukan perpecahan kaum muslimin dan negara mereka yang terampas, kemudian membawa bendera jihad dan da'wah kepada Allah sehingga dunia mendapatkan ketentraman dengan ajaran-ajaran Islam. [7]",[7],[],[7],False
37,indonesian--4207135612419285867-5,Apakah tujuan utama berdirinya Ikhwanul Muslimin?,"mewujudkan terbentuknya sosok individu muslim, rumah tangga Islami, bangsa yang Islami, pemerintahan yang Islami, negara yang dipimpin oleh negara-negara Islam, menyatukan perpecahan kaum muslimin dan negara mereka yang terampas, kemudian membawa bendera jihad dan da’wah kepada Allah sehingga dunia mendapatkan ketentraman dengan ajaran-ajaran Islam",860,5,"[860, 595, 872, 2051, 1647]",True,"Tujuan utama Ikhwanul Muslimin adalah mewujudkan terbentuknya sosok individu muslim, rumah tangga Islami, bangsa yang Islami, pemerintahan yang Islami, negara yang dipimpin oleh negara-negara Islam, menyatukan perpecahan kaum muslimin dan negara mereka yang terampas, kemudian membawa bendera jihad dan da'wah kepada Allah sehingga dunia mendapatkan ketentraman dengan ajaran-ajaran Islam. [7]",[7],[],[7],False
37,indonesian--4207135612419285867-5,Apakah tujuan utama berdirinya Ikhwanul Muslimin?,"mewujudkan terbentuknya sosok individu muslim, rumah tangga Islami, bangsa yang Islami, pemerintahan yang Islami, negara yang dipimpin oleh negara-negara Islam, menyatukan perpecahan kaum muslimin dan negara mereka yang terampas, kemudian membawa bendera jihad dan da’wah kepada Allah sehingga dunia mendapatkan ketentraman dengan ajaran-ajaran Islam",860,10,"[860, 595, 872, 2051, 1647, 1341, 2459, 1094, 2673, 1798]",True,"Tujuan utama Ikhwanul Muslimin adalah mewujudkan terbentuknya sosok individu muslim, rumah tangga Islami, bangsa yang Islami, pemerintahan yang Islami, negara yang dipimpin oleh negara-negara Islam, menyatukan perpecahan kaum muslimin dan negara mereka yang terampas, kemudian membawa bendera jihad dan da'wah kepada Allah sehingga dunia mendapatkan ketentraman dengan ajaran-ajaran Islam. [7]",[7],[2459],[],False
38,indonesian--6427674671507223795-0,siapakah yang menciptakan anime Kuroko no Basket?,Tadatoshi Fujumaki,225,1,[225],True,Production I.G [1].,[1],[225],[],True
38,indonesian--6427674671507223795-0,siapakah yang menciptakan anime Kuroko no Basket?,Tadatoshi Fujumaki,225,3,"[225, 2456, 2627]",True,Production I.G [2],[2],[2456],[],False
38,indonesian--6427674671507223795-0,siapakah yang menciptakan anime Kuroko no Basket?,Tadatoshi Fujumaki,225,5,"[225, 2456, 2627, 3039, 117]",True,Production I.G [2],[2],[2456],[],False
38,indonesian--6427674671507223795-0,siapakah yang menciptakan anime Kuroko no Basket?,Tadatoshi Fujumaki,225,10,"[225, 2456, 2627, 3039, 117, 143, 219, 1891, 142, 2455]",True,"Pasuruan, Jawa Timur [1].",[1],[225],[],True
39,indonesian--8468198609104793209-0,siapakah pencipta internet?,Leonard Kleinrock,850,1,[1168],False,Stein Braten [1].,[1],[1168],[],False
39,indonesian--8468198609104793209-0,siapakah pencipta internet?,Leonard Kleinrock,850,3,"[1168, 1363, 1364]",False,Stein Braten [1],[1],[1168],[],False
39,indonesian--8468198609104793209-0,siapakah pencipta internet?,Leonard Kleinrock,850,5,"[1168, 1363, 1364, 3127, 1361]",False,Stein Braten [1],[1],[1168],[],False
39,indonesian--8468198609104793209-0,siapakah pencipta internet?,Leonard Kleinrock,850,10,"[1168, 1363, 1364, 3127, 1361, 154, 54, 297, 2174, 850]",True,James Martin [1],[1],[1168],[],False
40,indonesian-731752230688735756190-ans-h-2,Apakah penyedia layanan internet pertama yang masuk Indonesia?,IndoNet,3518,1,[154],False,Terdapat beberapa pengguna awal Internet di Indonesia yang memanfaatkan dan untuk mengakses internet sejak 1988. [1],[1],[154],[],False
40,indonesian-731752230688735756190-ans-h-2,Apakah penyedia layanan internet pertama yang masuk Indonesia?,IndoNet,3518,3,"[154, 3518, 1887]",True,IndoNet [2].,[2],[3518],[],True
40,indonesian-731752230688735756190-ans-h-2,Apakah penyedia layanan internet pertama yang masuk Indonesia?,IndoNet,3518,5,"[154, 3518, 1887, 2581, 1508]",True,IndoNet [2],[2],[3518],[],True
40,indonesian-731752230688735756190-ans-h-2,Apakah penyedia layanan internet pertama yang masuk Indonesia?,IndoNet,3518,10,"[154, 3518, 1887, 2581, 1508, 3607, 2888, 1886, 3371, 566]",True,IndoNet [2],[2],[3518],[],True
41,indonesian-6968936247967967201-8,Bagaimana sistem pemerintahan Korea Selatan ?,demokrasi,2965,1,[2965],True,"Pemerintahan Korea Selatan terdiri dari tiga bagian: eksekutif, yudikatif, dan legislatif. Eksekutif disusul oleh Presiden yang dipilih secara umum dan dilatih oleh Perdana Menteri yang ditunjukkan oleh Presiden.",[],[],[],False
41,indonesian-6968936247967967201-8,Bagaimana sistem pemerintahan Korea Selatan ?,demokrasi,2965,3,"[2965, 2964, 1000]",True,"Dalam sistem pemerintahan Korea Selatan, ada tiga bagian yang saling bekerja sama:

1. Eksekutif: Dipimpin oleh Presiden yang dipilih berdasarkan hasil pemilihan umum dan dibantu oleh Perdana Menteri yang ditunjuk oleh Presiden dengan persetujuan Majelis Nasional.

2. Yudikatif: Ditangani oleh Mahkamah Agung yang merujuk pada undang-undang nasional.

3. Legislatif: Ditangani oleh Parlemen yang mencakup dua partai politik dominan, Partai Demokrat dan Partai Komunis.",[],[],[],False
41,indonesian-6968936247967967201-8,Bagaimana sistem pemerintahan Korea Selatan ?,demokrasi,2965,5,"[2965, 2964, 1000, 707, 1324]",True,Presiden bertindak sebagai kepala negara dan Perdana Menteri sebagai kepala pemerintahan.,[],[],[],False
41,indonesian-6968936247967967201-8,Bagaimana sistem pemerintahan Korea Selatan ?,demokrasi,2965,10,"[2965, 2964, 1000, 707, 1324, 48, 34, 657, 2387, 2551]",True,Presiden bertindak sebagai kepala negara dan Perdana Menteri sebagai kepala pemerintahan.,[],[],[],False
42,indonesian-6781396805542144283-0,Apakah nama dinasti yang berkuasa paling lama di Tiongkok?,Dinasti Zhou,390,1,[390],True,Dinasti Shang [1].,[1],[390],[],True
42,indonesian-6781396805542144283-0,Apakah nama dinasti yang berkuasa paling lama di Tiongkok?,Dinasti Zhou,390,3,"[390, 1427, 484]",True,Dinasti Sui [1],[1],[390],[],True
42,indonesian-6781396805542144283-0,Apakah nama dinasti yang berkuasa paling lama di Tiongkok?,Dinasti Zhou,390,5,"[390, 1427, 484, 393, 485]",True,Dinasti Qing [5].,[5],[485],[],False
42,indonesian-6781396805542144283-0,Apakah nama dinasti yang berkuasa paling lama di Tiongkok?,Dinasti Zhou,390,10,"[390, 1427, 484, 393, 485, 465, 1834, 1202, 394, 666]",True,Dinasti Tang [10],[10],[666],[],False
43,indonesian--332636627302995185-1,Apa yang dimaksud dengan monarki?,merupakan sejenis pemerintahan yang dipimpin oleh seorang penguasa monarki,1704,1,[1704],True,Monarki adalah sejenis pemerintahan yang dipimpin oleh seorang penguasannya sendiri.,[],[],[],False
43,indonesian--332636627302995185-1,Apa yang dimaksud dengan monarki?,merupakan sejenis pemerintahan yang dipimpin oleh seorang penguasa monarki,1704,3,"[1704, 3285, 1935]",True,"Monarki adalah sistem pemerintahan yang dipimpin oleh seorang penguasa monarki. Sistem ini berasal dari bahasa Yunani dan merujuk kepada satu penguasa dan pemerintah. Monarki merupakan sejenis pemerintahan tertua di dunia, dan pada awal kurun ke-19, terdapat lebih dari 900 tahta kerajaan di dunia, namun setelah menurun menjadi 240 dalam abad ke-20.",[],[],[],False
43,indonesian--332636627302995185-1,Apa yang dimaksud dengan monarki?,merupakan sejenis pemerintahan yang dipimpin oleh seorang penguasa monarki,1704,5,"[1704, 3285, 1935, 1610, 3387]",True,Monarki adalah sejenis pemerintahan yang dipimpin oleh seorang penguasa monarki. Sumber: [1],[1],[1704],[],True
43,indonesian--332636627302995185-1,Apa yang dimaksud dengan monarki?,merupakan sejenis pemerintahan yang dipimpin oleh seorang penguasa monarki,1704,10,"[1704, 3285, 1935, 1610, 3387, 2896, 2383, 357, 1156, 1235]",True,"Monarki (atau Kerajaan) berasal dari bahasa Yunani monos (μονος) yang berarti satu, dan archein (αρχειν) yang berarti pemerintah.",[],[],[],False
44,indonesian-8489650339962660973-1,apakah iklan televisi pertama didunia?,jam tangan Bulova,1810,1,[1810],True,Iklan televisi pertama di dunia adalah jam tangan Bulova yang disiarkan pada tanggal 1 Juli 1941 di WNBT stasiun New York. [1],[1],[1810],[],True
44,indonesian-8489650339962660973-1,apakah iklan televisi pertama didunia?,jam tangan Bulova,1810,3,"[1810, 630, 2297]",True,Iklan televisi pertama di dunia adalah jam tangan Bulova yang disiarkan pada tanggal 1 Juli 1941 di WNBT stasiun New York. [1],[1],[1810],[],True
44,indonesian-8489650339962660973-1,apakah iklan televisi pertama didunia?,jam tangan Bulova,1810,5,"[1810, 630, 2297, 941, 766]",True,Iklan televisi pertama di dunia adalah jam tangan Bulova yang dijual di WNBT stasiun New York pada tanggal 1 Juli 1941.,[],[],[],False
44,indonesian-8489650339962660973-1,apakah iklan televisi pertama didunia?,jam tangan Bulova,1810,10,"[1810, 630, 2297, 941, 766, 2217, 635, 632, 3618, 636]",True,"Pasuruan, Jawa Timur [1].",[1],[1810],[],True
45,indonesian--5216035122508034433-0,Apa genre novel The Prestige?,fiksi,2179,1,[2179],True,The Prestige adalah sebuah novel horror. [1],[1],[2179],[],True
45,indonesian--5216035122508034433-0,Apa genre novel The Prestige?,fiksi,2179,3,"[2179, 1566, 502]",True,The Prestige adalah sebuah novel thriller. [1],[1],[2179],[],True
45,indonesian--5216035122508034433-0,Apa genre novel The Prestige?,fiksi,2179,5,"[2179, 1566, 502, 2925, 3317]",True,Novel The Prestige adalah sebuah cerpen atau novel. [1],[1],[2179],[],True
45,indonesian--5216035122508034433-0,Apa genre novel The Prestige?,fiksi,2179,10,"[2179, 1566, 502, 2925, 3317, 2798, 1350, 2288, 3162, 2790]",True,Fictional mystery [1].,[1],[2179],[],True
46,indonesian--7653496435329226436-0,Kapan Gereja Masehi Injili didirikan?,1934,1355,1,[2156],False,531 [2],[2],[],[2],False
46,indonesian--7653496435329226436-0,Kapan Gereja Masehi Injili didirikan?,1934,1355,3,"[2156, 2926, 2562]",False,"Sejarah Gereja (Greek: Ἐκκλησιαστικὴ ἱστορία, ekklesiastike historia; Latin: Historia Ecclesiastica atau Historia Ecclesiae; English: Church History) karya Eusebius dari Kaisarea adalah sebuah karya tulis perintis dari abad ke-4 Masehi, berisi catatan kronologis perkembangan Kekristenan mula-mula mulai dari abad pertama Masehi.",[],[],[],False
46,indonesian--7653496435329226436-0,Kapan Gereja Masehi Injili didirikan?,1934,1355,5,"[2156, 2926, 2562, 913, 2651]",False,"Sejarah Gereja (Greek: Ἐκκλησιαστικὴ ἱστορία, ekklesiastike historia; Latin: Historia Ecclesiastica atau Historia Ecclesiae; English: Church History) karya Eusebius dari Kaisarea adalah sebuah karya tulis perintis dari abad ke-4 Masehi, berisi catatan kronologis perkembangan Kekristenan mula-mula mulai dari abad pertama Masehi.",[],[],[],False
46,indonesian--7653496435329226436-0,Kapan Gereja Masehi Injili didirikan?,1934,1355,10,"[2156, 2926, 2562, 913, 2651, 2299, 3523, 1355, 2645, 230]",True,1934 [6].,[6],[2299],[],False
47,indonesian--7615598806501653018-2,berapa kalikah New York Yankees memenangi turnamen liga bisbol amerika?,27 kejuaraan,2565,1,[2565],True,27 kali [1].,[1],[2565],[],True
47,indonesian--7615598806501653018-2,berapa kalikah New York Yankees memenangi turnamen liga bisbol amerika?,27 kejuaraan,2565,3,"[2565, 3623, 1083]",True,New York Yankees memenangkan 27 kejuaraan. [1],[1],[2565],[],True
47,indonesian--7615598806501653018-2,berapa kalikah New York Yankees memenangi turnamen liga bisbol amerika?,27 kejuaraan,2565,5,"[2565, 3623, 1083, 500, 2775]",True,New York Yankees memenangi 27 kejuaraan. [1],[1],[2565],[],True
47,indonesian--7615598806501653018-2,berapa kalikah New York Yankees memenangi turnamen liga bisbol amerika?,27 kejuaraan,2565,10,"[2565, 3623, 1083, 500, 2775, 1810, 501, 3310, 101, 2522]",True,New York Yankees memenangkan 27 kejuaraan di Liga Majors. [1],[1],[2565],[],True
48,indonesian-4876307625412656302-5,Kapan Fransiskus diangkat menjadi Paus ?,13 Maret 2013,1307,1,[628],False,Paus Fransiskus diangkat menjadi Paus pada tanggal 13 Maret 2013.,[],[],[],False
48,indonesian-4876307625412656302-5,Kapan Fransiskus diangkat menjadi Paus ?,13 Maret 2013,1307,3,"[628, 1307, 2535]",True,Paus Fransiskus diangkat menjadi Paus pada tanggal 13 Maret 2013. [4],[4],[],[4],False
48,indonesian-4876307625412656302-5,Kapan Fransiskus diangkat menjadi Paus ?,13 Maret 2013,1307,5,"[628, 1307, 2535, 3287, 629]",True,Fransiskus diangkat menjadi Paus pada tanggal 13 Maret 2013. [4],[4],[3287],[],False
48,indonesian-4876307625412656302-5,Kapan Fransiskus diangkat menjadi Paus ?,13 Maret 2013,1307,10,"[628, 1307, 2535, 3287, 629, 57, 3184, 75, 1631, 2012]",True,Fransiskus diangkat menjadi Paus pada tanggal 13 Maret 2013. [4],[4],[3287],[],False
49,indonesian-3483830721359041330-3,dimanakah Sunan Kudus dilahirkan?,Al-Quds negara Palestina,2110,1,[913],False,"Sunan Kudus dilahirkan di Bethlehem, Palestina [1].",[1],[913],[],False
49,indonesian-3483830721359041330-3,dimanakah Sunan Kudus dilahirkan?,Al-Quds negara Palestina,2110,3,"[913, 2110, 199]",True,"Sunan Kudus dilahirkan di Al-Quds, Negara Palestina [2].",[2],[2110],[],True
49,indonesian-3483830721359041330-3,dimanakah Sunan Kudus dilahirkan?,Al-Quds negara Palestina,2110,5,"[913, 2110, 199, 1414, 1646]",True,"Sunan Kudus dilahirkan di Al-Quds, negara Palestina. [2]",[2],[2110],[],True
49,indonesian-3483830721359041330-3,dimanakah Sunan Kudus dilahirkan?,Al-Quds negara Palestina,2110,10,"[913, 2110, 199, 1414, 1646, 776, 2800, 3604, 2126, 2891]",True,"Sunan Kudus dilahirkan di Al-Quds, Negara Palestina [2].",[2],[2110],[],True
